{
  "dataset": "AmongUsDataset",
  "accuracy": 0.27586206896551724,
  "roc": 0.7976190476190477
}